Iteration,Loading Time (seconds),Element Time (seconds)
1,1.1732537746429443,0.021511316299438477
2,1.5665903091430664,0.017375469207763672
3,1.5199203491210938,0.0236508846282959
4,0.9477784633636475,0.021230459213256836
5,1.513460636138916,0.016653060913085938
