Iteration,Loading Time (seconds),Element Time (seconds)
1,1.0635714530944824,0.01734137535095215
2,0.8386249542236328,0.0182037353515625
3,0.9893240928649902,0.02072906494140625
4,1.0530359745025635,0.0177919864654541
5,1.553823709487915,0.02187371253967285
