Iteration,Loading Time (seconds),Element Time (seconds)
1,0.8650045394897461,0.012256622314453125
2,0.9187884330749512,0.012450218200683594
3,0.7915709018707275,0.00953817367553711
4,0.7837510108947754,0.020867586135864258
5,0.8899071216583252,0.0215911865234375
