Iteration,Loading Time (seconds),Element Time (seconds)
1,0.8765568733215332,0.011727333068847656
2,0.7986307144165039,0.011512279510498047
3,0.9785819053649902,0.012338638305664062
4,0.7954020500183105,0.01101827621459961
5,0.803272008895874,0.011255502700805664
