Iteration,Loading Time (seconds),Element Time (seconds)
1,2.181776762008667,0.009998559951782227
2,1.319000005722046,0.009001731872558594
3,1.4720005989074707,0.008999824523925781
4,1.5009996891021729,0.00900125503540039
5,3.073000431060791,0.008999347686767578
