Iteration,Loading Time (seconds),Element Time (seconds)
1,0.9250590801239014,0.012758970260620117
2,0.8066391944885254,0.01177978515625
3,0.8280680179595947,0.011177301406860352
4,0.8921627998352051,0.012192249298095703
5,0.8225452899932861,0.011899232864379883
