Iteration,Loading Time (seconds),Element Time (seconds)
1,5.599836826324463,0.015588045120239258
2,5.986586093902588,0.010933399200439453
