Iteration,Loading Time (seconds),Element Time (seconds)
1,0.8825864791870117,0.012587785720825195
2,0.8160638809204102,0.013634920120239258
3,0.8638436794281006,0.01232457160949707
4,0.9293498992919922,0.011083602905273438
5,0.8317391872406006,0.011530399322509766
