Iteration,Loading Time (seconds),Element Time (seconds)
1,4.055983066558838,0.02294468879699707
2,3.7471492290496826,0.020880460739135742
3,3.8343636989593506,0.015710830688476562
4,4.025919198989868,0.013272762298583984
5,4.073837995529175,0.010587215423583984
