Iteration,Loading Time (seconds),Element Time (seconds)
1,4.255990028381348,0.01409769058227539
2,1.196126937866211,0.008210182189941406
3,1.9881882667541504,0.00930643081665039
4,3.1005148887634277,0.010723352432250977
5,2.106191396713257,0.010376453399658203
