Iteration,Loading Time (seconds),Element Time (seconds)
1,1.6740081310272217,0.007998943328857422
2,1.2970101833343506,0.00898885726928711
3,1.9021108150482178,0.007887840270996094
4,1.924999713897705,0.008000850677490234
5,3.3620004653930664,0.008999347686767578
