Iteration,Loading Time (seconds),Element Time (seconds)
1,1.4490106105804443,0.007992029190063477
2,2.8689956665039062,0.011998176574707031
3,1.692997932434082,0.00899958610534668
4,1.3170037269592285,0.007999181747436523
5,3.2809946537017822,0.007998466491699219
