Iteration,Loading Time (seconds),Element Time (seconds)
1,1.3711204528808594,0.009001493453979492
2,1.7893574237823486,0.00800180435180664
3,1.404444694519043,0.008000373840332031
4,1.3959827423095703,0.0080108642578125
5,1.3725321292877197,0.007997512817382812
