Iteration,Loading Time (seconds),Element Time (seconds)
1,0.8606595993041992,0.011671066284179688
2,0.8218441009521484,0.013537883758544922
3,0.9949719905853271,0.010982990264892578
4,0.8999254703521729,0.011746406555175781
5,0.8006558418273926,0.011528968811035156
