Iteration,Loading Time (seconds),Element Time (seconds)
1,0.9048535823822021,0.021361351013183594
2,0.9589204788208008,0.022876501083374023
3,0.9240820407867432,0.01751112937927246
4,0.9797303676605225,0.019544601440429688
5,0.9045560359954834,0.02121877670288086
