Iteration,Loading Time (seconds),Element Time (seconds)
1,1.4530012607574463,0.008896589279174805
2,2.04870867729187,0.010182380676269531
3,1.2476887702941895,0.01367950439453125
4,1.1992442607879639,0.009829521179199219
5,1.2081618309020996,0.008358955383300781
